TIMESTEMP,GAS_DATA,Class
2713,165,0
2713,166,0
2714,167,0
2714,167,0
2715,166,0
2715,166,0
2716,166,0
2716,166,0
2717,165,0
2717,165,0
2718,165,0
2718,165,0
2719,165,0
2719,165,0
2720,202,0
2720,228,0
2721,220,0
2721,215,0
2722,211,0
2722,206,0
2723,203,0
2723,199,0
2724,195,0
2725,193,0
2725,191,0
2725,189,0
2726,187,0
2727,186,0
2727,197,0
2727,234,0
2728,249,0
2729,245,0
2729,238,0
2730,231,0
2730,224,0
2731,218,0
2731,213,0
2732,208,0
2732,204,0
2733,200,0
2733,197,0
2734,199,0
2734,219,0
2735,253,0
2735,245,0
2736,234,0
2736,226,0
2737,219,0
2737,214,0
2738,211,0
2738,207,0
2739,204,0
2739,201,0
2740,198,0
2740,196,0
2741,194,0
2741,193,0
2742,192,0
2742,191,0
2743,190,0
2743,189,0
2744,188,0
2744,186,0
2745,185,0
2745,183,0
2746,182,0
2746,181,0
2747,181,0
2747,180,0
2748,179,0
2748,178,0
2749,178,0
2749,177,0
2750,176,0
2750,176,0
2751,175,0
2752,175,0
2752,174,0
2753,174,0
2753,173,0
2753,172,0
2754,172,0
2755,171,0
2755,171,0
2756,171,0
2756,170,0
2757,170,0
2757,170,0
2758,170,0
2758,170,0
2759,169,0
2759,169,0
2800,169,0
2800,169,0
2801,169,0
2801,168,0
2802,168,0
2802,168,0
2803,168,0
2803,168,0
2804,168,0
2804,168,0
2805,167,0
2805,167,0
2806,168,0
2806,168,0
2807,168,0
2807,168,0
2808,167,0
2808,167,0
2809,167,0
2809,167,0
2810,167,0
2810,167,0
2811,167,0
2811,167,0
2812,167,0
2812,167,0
2813,167,0
2813,167,0
2814,167,0
2814,167,0
2815,167,0
2815,167,0
2816,166,0
2816,166,0
2817,166,0
2817,166,0
2818,166,0
2818,166,0
2819,165,0
2819,165,0
2820,165,0
2820,165,0
2821,165,0
2821,165,0
2822,165,0
2822,165,0
2823,165,0
2824,165,0
2824,165,0
2825,165,0
2825,2762,1
2826,165,0
2826,165,0
2827,165,0
2827,165,0
2828,165,0
2828,165,0
2829,165,0
2829,165,0
2830,171,0
2830,189,0
2831,199,0
2831,209,0
2832,202,0
2832,195,0
2833,191,0
2833,188,0
2834,185,0
2834,183,0
2835,181,0
2835,179,0
2836,179,0
2836,178,0
2837,177,0
2837,176,0
2838,175,0
2838,174,0
2839,174,0
2839,331,0
2840,523,0
2840,463,0
2841,418,0
2841,376,0
2842,345,0
2842,324,0
2843,309,0
2843,297,0
2844,286,0
2844,277,0
2845,291,0
2845,303,0
2846,317,0
2846,310,0
2847,300,0
2847,291,0
2848,283,0
2849,278,0
2849,272,0
2849,266,0
2850,2345,1
2851,255,0
2851,251,0
2852,247,0
2852,243,0
2853,238,0
2853,234,0
2854,230,0
2854,227,0
2855,224,0
2855,221,0
2856,218,0
2856,215,0
2857,213,0
2857,211,0
2858,209,0
2858,208,0
2859,206,0
2859,204,0
2900,202,0
2900,200,0
2901,199,0
2901,197,0
2902,196,0
2902,195,0
2903,194,0
2903,193,0
2904,191,0
2904,190,0
2905,190,0
2905,189,0
2906,188,0
2906,188,0
2907,187,0
2907,187,0
2908,186,0
2908,185,0
2909,185,0
2909,184,0
2910,183,0
2910,183,0
2911,182,0
2911,182,0
2912,2345,1
2912,181,0
2913,181,0
2914,180,0
2914,180,0
2915,180,0
2915,180,0
2915,180,0
2916,179,0
2917,179,0
2917,179,0
2918,179,0
2918,179,0
2919,179,0
2919,179,0
2920,178,0
2920,178,0
2921,178,0
2921,178,0
2922,178,0
2922,178,0
2923,6645,1
2923,178,0
2924,177,0
2924,177,0
2925,177,0
2925,177,0
2926,177,0
2926,176,0
2927,176,0
2927,176,0
2928,176,0
2928,175,0
2929,175,0
2929,175,0
2930,175,0
2930,175,0
2931,175,0
2931,175,0
2932,175,0
2932,175,0
2933,4345,1
2933,175,0
2934,175,0
2934,175,0
2935,174,0
2935,175,0
2936,175,0
2936,174,0
2937,174,0
2937,174,0
2938,174,0
2938,174,0
2939,174,0
2940,174,0
2940,174,0
2940,174,0
2941,174,0
2941,174,0
2942,174,0
2942,173,0
2943,173,0
2943,173,0
2944,173,0
2945,172,0
2945,173,0
2946,173,0
2946,173,0
2947,173,0
2947,173,0
2948,173,0
2948,173,0
2949,172,0
2949,172,0
2950,172,0
2950,172,0
2951,172,0
2951,172,0
2952,172,0
2952,172,0
2953,172,0
2953,172,0
2954,171,0
2954,171,0
2955,171,0
2955,171,0
2956,171,0
2956,171,0
2957,171,0
2957,171,0
2958,171,0
2958,171,0
2959,170,0
2959,170,0
3000,170,0
3000,170,0
3001,170,0
3001,170,0
3002,170,0
3002,170,0
3003,170,0
3003,170,0
3004,169,0
3004,170,0
3005,6655,1
3005,170,0
3006,170,0
3007,170,0
3007,170,0
3007,170,0
3008,170,0
3009,170,0
3009,169,0
3010,169,0
3010,169,0
3011,169,0
3011,169,0
3011,169,0
3012,169,0
3013,169,0
3013,169,0
3014,169,0
3014,169,0
3015,169,0
3015,169,0
3016,169,0
3016,169,0
3017,169,0
3017,169,0
3018,169,0
3018,169,0
3019,169,0
3019,169,0
3020,169,0
3020,169,0
3021,169,0
3021,169,0
3022,169,0
3022,169,0
3023,169,0
3023,169,0
3024,169,0
3024,169,0
3025,169,0
3025,169,0
3026,169,0
3026,169,0
3027,168,0
3027,168,0
3028,168,0
3028,168,0
3029,168,0
3029,168,0
3030,168,0
3030,167,0
3031,167,0
3031,167,0
3032,167,0
3032,167,0
3033,167,0
3033,167,0
3034,167,0
3034,167,0
3035,167,0
3036,167,0
3036,167,0
3037,167,0
3037,167,0
3037,167,0
3038,167,0
3039,167,0
3039,167,0
3040,166,0
3040,166,0
3041,166,0
3041,7764,1
3042,167,0
3042,167,0
3043,166,0
3043,167,0
3044,167,0
3044,166,0
3045,166,0
3045,166,0
3046,166,0
3046,166,0
3047,166,0
3047,166,0
3048,166,0
3048,165,0
3049,165,0
3049,165,0
3050,165,0
3050,165,0
3051,165,0
3051,165,0
3052,164,0
3052,164,0
3053,164,0
3053,164,0
3054,164,0
3054,164,0
3055,164,0
3055,164,0
3056,164,0
3056,164,0
3057,164,0
3057,164,0
3058,164,0
3058,164,0
3059,164,0
3059,164,0
3100,164,0
3100,164,0
3101,164,0
3102,164,0
3102,164,0
3103,164,0
3103,164,0
3103,164,0
3104,164,0
3105,164,0
3105,164,0
3106,164,0
3106,164,0
3107,164,0
3107,164,0
3108,164,0
3108,164,0
3109,164,0
3109,164,0
3110,165,0
3110,165,0
3111,165,0
3111,165,0
3112,165,0
3112,165,0
3113,164,0
3113,164,0
3114,164,0
3114,164,0
3115,164,0
3115,164,0
3116,164,0
3116,164,0
3117,164,0
3117,164,0
3118,164,0
3118,164,0
3119,164,0
3119,164,0
3120,164,0
3120,555465,1
3121,164,0
3121,164,0
3122,164,0
3122,164,0
3123,164,0
3123,164,0
3124,164,0
3124,164,0
3125,164,0
3125,164,0
3126,164,0
3126,164,0
3127,163,0
3128,163,0
3128,163,0
3129,163,0
3129,163,0
3129,163,0
3130,163,0
3131,163,0
3131,163,0
3131,163,0
3132,163,0
3133,163,0
3133,162,0
3134,163,0
3134,163,0
3135,163,0
3135,163,0
3136,164,0
3136,164,0
3137,164,0
3137,164,0
3138,164,0
3138,164,0
3139,164,0
3139,164,0
3140,164,0
3140,164,0
3141,163,0
3141,163,0
3142,163,0
3142,163,0
3143,164,0
3143,164,0
3144,163,0
3144,164,0
3145,164,0
3145,163,0
3146,163,0
3146,163,0
3147,163,0
3147,163,0
3148,163,0
3148,163,0
3149,163,0
3149,163,0
3150,163,0
3150,163,0
3151,163,0
3151,163,0
3152,163,0
3152,163,0
3153,163,0
3153,163,0
3154,163,0
3155,163,0
3155,163,0
3155,163,0
3156,163,0
3156,163,0
3157,163,0
3158,163,0
3158,163,0
3159,163,0
3159,163,0
3200,163,0
3200,162,0
3201,162,0
3201,162,0
3202,162,0
3202,162,0
3203,162,0
3203,162,0
3204,162,0
3204,162,0
3205,162,0
3205,162,0
3206,161,0
3206,162,0
3207,162,0
3207,162,0
3208,162,0
3208,162,0
3209,162,0
3209,162,0
3210,162,0
3210,162,0
3211,162,0
3211,162,0
3212,161,0
3212,161,0
3213,161,0
3213,161,0
3214,161,0
3214,161,0
3215,161,0
3215,161,0
3216,161,0
3216,160,0
3217,160,0
3217,160,0
3218,160,0
3218,160,0
3219,160,0
3219,160,0
3220,159,0
3221,159,0
3221,159,0
3221,159,0
3222,159,0
3222,159,0
3223,159,0
3224,159,0
3224,159,0
3224,159,0
3225,158,0
3226,159,0
3226,159,0
3227,159,0
3227,159,0
3228,159,0
3228,158,0
3229,159,0
3229,158,0
3230,158,0
3230,158,0
3231,158,0
3231,158,0
3232,158,0
3232,158,0
3233,158,0
3233,158,0
3234,158,0
3234,158,0
3235,158,0
3235,158,0
3236,158,0
3236,158,0
3237,158,0
3237,158,0
3238,158,0
3238,158,0
3239,158,0
3239,158,0
3240,158,0
3240,158,0
3241,158,0
3241,158,0
3242,158,0
3242,158,0
3243,158,0
3243,158,0
3244,158,0
3244,158,0
3245,345345,1
3245,158,0
3246,158,0
3246,158,0
3247,158,0
3247,158,0
3248,158,0
3249,158,0
3249,158,0
3250,158,0
3250,157,0
3251,158,0
3251,158,0
3251,158,0
3252,158,0
3253,158,0
3253,158,0
3254,158,0
3254,158,0
3255,158,0
3255,158,0
3256,158,0
3256,158,0
3257,158,0
3257,158,0
3258,158,0
3258,158,0
3259,158,0
3259,158,0
3300,158,0
3300,158,0
3301,157,0
3301,157,0
3302,157,0
3302,157,0
3303,157,0
3303,157,0
3304,157,0
3304,157,0
3305,157,0
3305,157,0
3306,157,0
3306,157,0
3307,157,0
3307,157,0
3308,157,0
3308,157,0
3309,157,0
3309,156,0
3310,157,0
3310,157,0
3311,157,0
3311,157,0
3312,157,0
3312,157,0
3313,157,0
3314,157,0
3314,157,0
3315,157,0
3315,156,0
3315,156,0
3316,156,0
3316,156,0
3317,156,0
3317,156,0
3318,156,0
3319,8676,1
3319,156,0
3320,156,0
3320,156,0
3321,156,0
3321,156,0
3322,156,0
3322,156,0
3323,156,0
3323,156,0
3324,156,0
3324,156,0
3325,156,0
3325,156,0
3326,156,0
3326,156,0
3327,156,0
3327,156,0
3328,155,0
3328,155,0
3329,155,0
3329,155,0
3330,155,0
3330,155,0
3331,155,0
3331,155,0
3332,155,0
3332,155,0
3333,155,0
3333,155,0
3334,155,0
3334,155,0
3335,155,0
3335,156,0
3336,161,0
3336,164,0
3337,164,0
3337,165,0
3338,165,0
3338,166,0
3339,166,0
3339,165,0
3340,164,0
3340,164,0
3341,164,0
3342,164,0
3342,164,0
3343,164,0
3343,163,0
3344,163,0
3344,163,0
3345,163,0
3345,163,0
3346,163,0
3346,162,0
3347,162,0
3347,161,0
3348,161,0
3348,160,0
3349,160,0
3349,160,0
3350,159,0
3350,159,0
3351,159,0
3351,159,0
3352,159,0
3352,159,0
3353,158,0
3353,158,0
3354,158,0
3354,158,0
3355,158,0
3355,158,0
3356,158,0
3356,158,0
3357,158,0
3357,158,0
3358,157,0
3358,157,0
3359,157,0
3359,157,0
3400,157,0
3400,157,0
3401,157,0
3401,157,0
3402,157,0
3402,157,0
3403,157,0
3403,157,0
3404,157,0
3404,156,0
3405,156,0
3405,156,0
3406,156,0
3407,156,0
3407,156,0
3407,155,0
3408,156,0
3409,156,0
3409,156,0
3409,156,0
3410,156,0
3411,156,0
3411,156,0
3412,156,0
3412,155,0
3413,155,0
3413,155,0
3414,155,0
3414,155,0
3415,155,0
3415,155,0
3416,155,0
3416,155,0
3417,155,0
3417,155,0
3418,155,0
3418,155,0
3419,155,0
3419,155,0
3420,155,0
3420,155,0
3421,155,0
3421,155,0
3422,155,0
3422,155,0
3423,155,0
3423,155,0
3424,155,0
3424,155,0
3425,155,0
3425,155,0
3426,155,0
3426,155,0
3427,4563,1
3427,155,0
3428,155,0
3428,155,0
3429,155,0
3429,155,0
3430,155,0
3430,155,0
3431,155,0
3431,155,0
3432,155,0
3432,154,0
3433,155,0
3434,155,0
3434,155,0
3435,155,0
3435,155,0
3436,155,0
3436,155,0
3437,154,0
3437,154,0
3437,155,0
3438,155,0
3438,155,0
3439,155,0
3440,155,0
3440,155,0
3441,155,0
3441,155,0
3442,154,0
3442,154,0
3443,154,0
3443,154,0
3444,154,0
3444,154,0
3445,154,0
3445,154,0
3446,154,0
3446,154,0
3447,154,0
3447,154,0
3448,154,0
3448,154,0
3449,154,0
3449,154,0
3450,154,0
3450,154,0
3451,154,0
3451,154,0
3452,154,0
3452,154,0
3453,154,0
3453,154,0
3454,154,0
3454,154,0
3455,154,0
3455,154,0
3456,154,0
3456,154,0
3457,154,0
3457,154,0
3458,154,0
3458,154,0
3459,154,0
3459,154,0
3500,154,0
3500,154,0
3501,154,0
3501,154,0
3502,154,0
3502,154,0
3503,154,0
3503,154,0
3504,154,0
3505,154,0
3505,154,0
3505,154,0
3506,153,0
3507,154,0
3507,154,0
3508,154,0
3508,154,0
3509,154,0
3509,154,0
3510,154,0
3510,154,0
3511,154,0
3511,153,0
3512,154,0
3512,154,0
3513,154,0
3513,154,0
3514,154,0
3514,154,0
3515,154,0
3515,153,0
3516,154,0
3516,153,0
3517,153,0
3517,153,0
3518,153,0
3518,154,0
3519,153,0
3519,153,0
3520,153,0
3520,153,0
3521,153,0
3521,153,0
3522,153,0
3522,153,0
3523,153,0
3523,153,0
3524,153,0
3524,153,0
3525,153,0
3525,153,0
3526,153,0
3526,153,0
3527,153,0
3527,153,0
3528,153,0
3529,153,0
3529,153,0
3530,153,0
3530,153,0
3531,153,0
3531,153,0
3531,153,0
3532,153,0
3533,153,0
3533,153,0
3534,153,0
3534,153,0
3535,153,0
3535,153,0
3536,153,0
3536,153,0
3537,153,0
3537,153,0
3538,153,0
3538,153,0
3539,153,0
3539,153,0
3540,153,0
3540,153,0
3541,153,0
3541,153,0
3542,153,0
3542,153,0
3543,153,0
3543,153,0
3544,153,0
3544,153,0
3545,153,0
3545,153,0
3546,153,0
3546,153,0
3547,153,0
3547,153,0
3548,153,0
3548,153,0
3549,152,0
3549,152,0
3550,152,0
3550,152,0
3551,152,0
3551,152,0
3552,152,0
3552,152,0
3553,152,0
3553,152,0
3554,152,0
3554,152,0
3555,152,0
3556,154,0
3556,166,0
3557,172,0
3557,173,0
3558,175,0
3558,176,0
3559,177,0
3559,177,0
3600,177,0
3600,177,0
3601,177,0
3601,176,0
3602,176,0
3602,176,0
3603,175,0
3603,174,0
3604,173,0
3604,172,0
3605,171,0
3605,169,0
3606,168,0
3606,166,0
3607,165,0
3607,164,0
3608,163,0
3608,162,0
3609,161,0
3609,161,0
3610,160,0
3610,160,0
3611,159,0
3611,159,0
3612,158,0
3612,158,0
3613,158,0
3613,158,0
3614,158,0
3614,157,0
3615,157,0
3615,157,0
3616,157,0
3616,156,0
3617,156,0
3617,3534,1
3618,156,0
3618,156,0
3619,156,0
3619,156,0
3620,156,0
3620,156,0
3621,156,0
3621,156,0
3622,156,0
3622,156,0
3623,156,0
3623,156,0
3624,156,0
3624,156,0
3625,156,0
3625,156,0
3626,155,0
3627,155,0
3627,155,0
3628,155,0
3628,155,0
3629,155,0
3629,155,0
3630,155,0
3630,155,0
3631,155,0
3631,155,0
3632,155,0
3632,155,0
3633,155,0
3633,155,0
3634,155,0
3634,154,0
3635,154,0
3635,154,0
3636,154,0
3636,154,0
3637,154,0
3637,154,0
3638,154,0
3638,154,0
3639,154,0
3639,154,0
3640,154,0
3640,154,0
3641,154,0
3641,154,0
3642,154,0
3642,154,0
3643,154,0
3643,154,0
3644,154,0
3644,154,0
3645,154,0
3645,154,0
3646,154,0
3646,154,0
3647,154,0
3647,154,0
3648,154,0
3648,153,0
3649,153,0
3650,154,0
3650,154,0
3651,154,0
3651,154,0
3652,153,0
3652,153,0
3653,153,0
3653,153,0
3653,153,0
3654,153,0
3655,153,0
3655,153,0
3656,153,0
3656,153,0
3657,153,0
3657,153,0
3658,153,0
3658,153,0
3659,153,0
3659,152,0
3700,153,0
3700,153,0
3701,153,0
3701,153,0
3702,153,0
3702,153,0
3703,153,0
3703,153,0
3704,153,0
3704,153,0
3705,153,0
3705,153,0
3706,153,0
3706,153,0
3707,153,0
3707,153,0
3708,152,0
3708,153,0
3709,152,0
3709,153,0
3710,153,0
3710,153,0
3711,152,0
3711,153,0
3712,152,0
3712,152,0
3713,152,0
3713,152,0
3714,152,0
3714,152,0
3715,152,0
3716,152,0
3716,152,0
3716,152,0
3717,152,0
3718,152,0
3718,152,0
3718,152,0
3719,152,0
3720,152,0
3720,152,0
3721,152,0
3721,152,0
3722,152,0
3722,152,0
3723,152,0
3723,152,0
3724,153,0
3724,152,0
3725,152,0
3725,152,0
3726,152,0
3726,152,0
3727,152,0
3727,152,0
3728,152,0
3728,152,0
3729,152,0
3729,152,0
3730,152,0
3730,152,0
3731,152,0
3731,152,0
3732,152,0
3732,152,0
3733,152,0
3733,152,0
3734,152,0
3734,152,0
3735,152,0
3735,152,0
3736,152,0
3736,152,0
3737,152,0
3737,152,0
3738,151,0
3738,152,0
3739,152,0
3739,152,0
3740,152,0
3740,152,0
3741,152,0
3741,152,0
3742,152,0
3742,152,0
3743,152,0
3744,152,0
3744,152,0
3745,152,0
3745,152,0
3745,152,0
3746,152,0
3746,152,0
3747,152,0
3748,152,0
3748,152,0
3749,152,0
3749,151,0
3750,152,0
3750,151,0
3751,152,0
3751,151,0
3752,152,0
3752,151,0
3753,151,0
3753,151,0
3754,151,0
3754,151,0
3755,151,0
3755,151,0
3756,151,0
3756,151,0
3757,151,0
3757,151,0
3758,151,0
3758,151,0
3759,151,0
3759,151,0
3800,151,0
3800,151,0
3801,151,0
3801,151,0
3802,151,0
3802,151,0
3803,151,0
3803,34534,1
3804,151,0
3804,151,0
3805,151,0
3805,151,0
3806,151,0
3806,151,0
3807,151,0
3807,151,0
3808,152,0
3808,151,0
3809,152,0
3809,151,0
3810,151,0
3811,151,0
3811,152,0
3812,152,0
3812,152,0
3813,151,0
3813,151,0
3814,152,0
3814,152,0
3815,152,0
3815,152,0
3816,152,0
3816,152,0
3817,152,0
3817,152,0
3818,152,0
3818,152,0
3819,152,0
3819,151,0
3820,151,0
3820,152,0
3821,152,0
3821,152,0
3822,152,0
3822,151,0
3823,152,0
3823,152,0
3824,152,0
3824,151,0
3825,151,0
3825,151,0
3826,151,0
3826,151,0
3827,151,0
3827,151,0
3828,151,0
3828,151,0
3829,151,0
3829,151,0
3830,151,0
3830,151,0
3831,151,0
3831,151,0
3832,151,0
3832,151,0
3833,151,0
3833,151,0
3834,151,0
3834,151,0
3835,151,0
3835,151,0
3836,151,0
3837,151,0
3837,151,0
3838,151,0
3838,151,0
3838,151,0
3839,151,0
3840,151,0
3840,151,0
3840,151,0
3841,151,0
3842,150,0
3842,151,0
3843,151,0
3843,151,0
3844,151,0
3844,151,0
3845,151,0
3845,151,0
3846,151,0
3846,151,0
3847,151,0
3847,151,0
3848,151,0
3848,151,0
3849,151,0
3849,151,0
3850,151,0
3850,151,0
3851,151,0
3851,151,0
3852,151,0
3852,151,0
3853,151,0
3853,151,0
3854,151,0
3854,151,0
3855,151,0
3855,151,0
3856,151,0
3856,151,0
3857,151,0
3857,151,0
3858,151,0
3858,151,0
3859,151,0
3859,151,0
3900,151,0
3900,151,0
3901,150,0
3901,151,0
3902,150,0
3902,151,0
3903,150,0
3903,151,0
3904,150,0
3904,150,0
3905,150,0
3906,150,0
3906,150,0
3907,150,0
3907,150,0
3908,150,0
3908,150,0
3909,150,0
3909,150,0
3910,150,0
3910,150,0
3911,150,0
3911,150,0
3912,150,0
3912,3453,1
3913,150,0
3913,150,0
3914,150,0
3914,150,0
3915,150,0
3915,150,0
3916,150,0
3916,150,0
3917,150,0
3917,150,0
3918,150,0
3918,150,0
3919,150,0
3919,150,0
3920,150,0
3920,150,0
3921,150,0
3921,150,0
3922,150,0
3922,150,0
3923,150,0
3923,150,0
3924,150,0
3924,150,0
3925,150,0
3925,150,0
3926,150,0
3926,150,0
3927,150,0
3928,150,0
3928,150,0
3929,150,0
3929,150,0
3930,150,0
3930,150,0
3931,150,0
3931,150,0
3932,150,0
3932,150,0
3933,150,0
3933,150,0
3934,150,0
3934,150,0
3935,150,0
3935,150,0
3936,150,0
3936,150,0
3937,150,0
3937,150,0
3938,150,0
3938,150,0
3939,150,0
3939,150,0
3940,150,0
3940,150,0
3941,150,0
3941,150,0
3942,150,0
3942,150,0
3943,150,0
3943,150,0
3944,150,0
3944,150,0
3945,150,0
3945,150,0
3946,150,0
3946,150,0
3947,150,0
3947,150,0
3948,150,0
3948,150,0
3949,150,0
3949,150,0
3950,150,0
3950,150,0
3951,150,0
3952,150,0
3952,150,0
3952,150,0
3953,150,0
3954,150,0
3954,150,0
3954,150,0
3955,150,0
3956,150,0
3956,150,0
3957,150,0
3957,150,0
3958,150,0
3958,150,0
3959,150,0
3959,150,0
4000,150,0
4000,5555,1
4001,150,0
4001,150,0
4002,150,0
4002,150,0
4003,150,0
4003,150,0
4004,150,0
4004,150,0
4005,150,0
4005,150,0
4006,150,0
4006,150,0
4007,150,0
4007,150,0
4008,150,0
4008,150,0
4009,150,0
4009,150,0
4010,150,0
4010,150,0
4011,150,0
4011,150,0
4012,150,0
4012,150,0
4013,150,0
4013,150,0
4014,150,0
4014,150,0
4015,150,0
4015,150,0
4016,150,0
4017,150,0
4017,150,0
4017,150,0
4018,150,0
4019,150,0
4019,150,0
4020,150,0
4020,150,0
4021,150,0
4021,150,0
4022,150,0
4022,150,0
4023,150,0
4023,150,0
4024,150,0
4024,150,0
4025,150,0
4025,150,0
4026,150,0
4026,150,0
4027,150,0
4027,150,0
4028,150,0
4028,150,0
4029,150,0
4029,150,0
4030,150,0
4030,150,0
4031,150,0
4031,150,0
4032,150,0
4032,150,0
4033,150,0
4033,150,0
4034,150,0
4034,150,0
4035,150,0
4035,150,0
4036,150,0
4036,150,0
4037,150,0
4037,150,0
4038,150,0
4038,150,0
4039,150,0
4039,150,0
4040,150,0
4040,150,0
4041,150,0
4041,150,0
4042,150,0
4042,150,0
4043,150,0
4043,150,0
4044,150,0
4044,150,0
4045,150,0
4045,150,0
4046,150,0
4046,150,0
4047,150,0
4047,150,0
4048,150,0
4048,150,0
4049,150,0
4050,150,0
4050,150,0
4051,150,0
4051,150,0
4052,150,0
4052,150,0
4053,150,0
4053,150,0
4054,150,0
4054,149,0
4055,150,0
4055,150,0
4056,150,0
4056,150,0
4057,149,0
4057,149,0
4058,149,0
4058,150,0
4059,150,0
4059,150,0
4100,150,0
4100,150,0
4101,150,0
4101,150,0
4102,150,0
4102,150,0
4103,149,0
4103,149,0
4104,150,0
4104,150,0
4105,150,0
4105,150,0
4106,150,0
4106,150,0
4107,150,0
4107,150,0
4108,150,0
4108,150,0
4109,150,0
4109,150,0
4110,150,0
4110,150,0
4111,150,0
4111,150,0
4112,150,0
4112,150,0
4113,150,0
4114,150,0
4114,150,0
4115,150,0
4115,150,0
4115,150,0
4116,150,0
4116,150,0
4117,149,0
4118,150,0
4118,150,0
4118,150,0
4119,149,0
4120,150,0
4120,150,0
4121,150,0
4121,150,0
4122,150,0
4122,149,0
4123,150,0
4123,150,0
4124,150,0
4124,150,0
4125,150,0
4125,3344,1
4126,150,0
4126,150,0
4127,150,0
4127,150,0
4128,150,0
4128,150,0
4129,150,0
4129,150,0
4130,150,0
4130,150,0
4131,150,0
4131,149,0
4132,150,0
4132,149,0
4133,150,0
4133,150,0
4134,150,0
4134,150,0
4135,150,0
4135,150,0
4136,150,0
4136,150,0
4137,150,0
4137,150,0
4138,150,0
4138,149,0
4139,149,0
4139,149,0
4140,149,0
4140,149,0
4141,149,0
4142,149,0
4142,149,0
4143,149,0
4143,149,0
4144,149,0
4144,149,0
4145,149,0
4145,149,0
4145,149,0
4146,149,0
4146,149,0
4147,149,0
4148,149,0
4148,149,0
4149,149,0
4149,149,0
4150,149,0
4150,149,0
4151,149,0
4151,149,0
4152,149,0
4152,149,0
4153,149,0
4153,149,0
4154,149,0
4154,149,0
4155,149,0
4155,149,0
4156,149,0
4156,149,0
4157,149,0
4157,149,0
4158,149,0
4158,149,0
4159,149,0
4159,149,0
4200,149,0
4200,149,0
4201,150,0
4201,149,0
4202,149,0
4202,149,0
4203,150,0
4203,150,0
4204,150,0
4204,149,0
4205,150,0
4205,150,0
4206,150,0
4206,149,0
4207,150,0
4207,150,0
4208,150,0
4208,150,0
4209,150,0
4209,150,0
4210,150,0
4210,150,0
4211,150,0
4212,150,0
4212,150,0
4213,150,0
4213,150,0
4214,150,0
4214,150,0
4215,150,0
4215,150,0
4216,150,0
4216,150,0
4217,150,0
4217,150,0
4218,149,0
4218,149,0
4219,149,0
4219,149,0
4220,149,0
4220,149,0
4221,149,0
4221,149,0
4222,149,0
4222,149,0
4223,149,0
4223,149,0
4224,149,0
4224,149,0
4225,149,0
4225,149,0
4226,149,0
4226,149,0
4227,4555,1
4227,149,0
4228,149,0
4228,149,0
4229,149,0
4229,149,0
4230,149,0
4230,149,0
4231,149,0
4231,149,0
4232,149,0
4232,149,0
4233,149,0
4233,149,0
4234,149,0
4234,149,0
4235,149,0
4235,149,0
4236,149,0
4236,149,0
4237,149,0
4238,149,0
4238,149,0
4238,149,0
4239,149,0
4240,149,0
4240,149,0
4240,149,0
4241,149,0
4242,149,0
4242,149,0
4243,149,0
4243,149,0
4244,149,0
4244,149,0
4245,149,0
4245,149,0
4246,149,0
4246,149,0
4247,149,0
4247,149,0
4248,149,0
4248,149,0
4249,149,0
4249,149,0
4250,149,0
4250,149,0
4251,149,0
4251,149,0
4252,149,0
4252,149,0
4253,149,0
4253,149,0
4254,149,0
4254,149,0
4255,149,0
4255,149,0
4256,149,0
4256,149,0
4257,149,0
4257,149,0
4258,149,0
4258,149,0
4259,149,0
4259,149,0
4300,149,0
4300,149,0
4301,149,0
4301,149,0
4302,149,0
4302,149,0
4303,149,0
4303,149,0
4304,149,0
4304,149,0
4305,149,0
4306,149,0
4306,149,0
4307,149,0
4307,149,0
4307,149,0
4308,149,0
4308,149,0
4309,149,0
4309,149,0
4310,150,0
4310,149,0
4311,149,0
4312,149,0
4312,149,0
4313,149,0
4313,150,0
4314,149,0
4314,150,0
4315,150,0
4315,150,0
4316,149,0
4316,150,0
4317,150,0
4317,150,0
4318,150,0
4318,150,0
4319,150,0
4319,150,0
4320,150,0
4320,150,0
4321,149,0
4321,150,0
4322,150,0
4322,150,0
4323,150,0
4323,150,0
4324,150,0
4324,150,0
4325,150,0
4325,149,0
4326,149,0
4326,150,0
4327,150,0
4327,150,0
4328,150,0
4328,150,0
4329,150,0
4329,150,0
4330,149,0
4330,150,0
4331,150,0
4331,150,0
4332,150,0
4332,150,0
4333,150,0
4333,150,0
4334,150,0
4335,149,0
4335,149,0
4336,150,0
4336,150,0
4336,149,0
4337,150,0
4337,150,0
4338,150,0
4339,150,0
4339,150,0
4340,150,0
4340,150,0
4341,150,0
4341,150,0
4342,150,0
4342,150,0
4343,150,0
4343,150,0
4344,150,0
4344,150,0
4345,150,0
4345,149,0
4346,149,0
4346,149,0
4347,149,0
4347,149,0
4348,152,0
4348,155,0
4349,169,0
4349,179,0
4350,176,0
4350,370,0
4351,402,0
4351,386,0
4352,350,0
4352,318,0
4353,300,0
4353,287,0
4354,276,0
4354,267,0
4355,263,0
4355,259,0
4356,419,0
4356,3455,1
4357,423,0
4357,390,0
4358,366,0
4358,347,0
4359,332,0
4359,318,0
4400,306,0
4400,298,0
4401,290,0
4402,284,0
4402,278,0
4402,276,0
4403,281,0
4404,297,0
4404,301,0
4405,296,0
4405,290,0
4406,282,0
4406,274,0
4407,269,0
4407,264,0
4408,262,0
4408,315,0
4409,444,0
4409,424,0
4410,396,0
4410,359,0
4411,332,0
4411,314,0
4412,301,0
4412,290,0
4413,281,0
